<?xml version="1.0" encoding="UTF-8"?><module codename="org.netbeans.libs.nbi.ant">
    <module_version install_time="1475404327727" last="true" origin="installer" specification_version="1.19.1">
        <file crc="55657938" name="config/Modules/org-netbeans-libs-nbi-ant.xml"/>
        <file crc="1485141559" name="modules/ext/nbi-ant-tasks.jar"/>
        <file crc="3924510414" name="modules/ext/nbi-registries-management.jar"/>
        <file crc="944497612" name="modules/org-netbeans-libs-nbi-ant.jar"/>
        <file crc="407403085" name="nbi/.common/common.properties"/>
        <file crc="1179254606" name="nbi/.common/common.xml"/>
        <file crc="147701415" name="nbi/.common/engine.properties"/>
        <file crc="895017627" name="nbi/.common/engine.xml"/>
        <file crc="1991675804" name="nbi/.common/group.properties"/>
        <file crc="1742156923" name="nbi/.common/group.xml"/>
        <file crc="2400693703" name="nbi/.common/product.properties"/>
        <file crc="2061739151" name="nbi/.common/product.xml"/>
        <file crc="3624363968" name="nbi/stub/build.properties"/>
        <file crc="3438239966" name="nbi/stub/build.xml"/>
        <file crc="489495781" name="nbi/stub/ext/components/products/helloworld/build.xml"/>
        <file crc="2121372686" name="nbi/stub/ext/components/products/helloworld/data/Bundle.properties"/>
        <file crc="3752349762" name="nbi/stub/ext/components/products/helloworld/data/icon.png"/>
        <file crc="773200671" name="nbi/stub/ext/components/products/helloworld/data/icon48.png"/>
        <file crc="1761515161" name="nbi/stub/ext/components/products/helloworld/manifest.mf"/>
        <file crc="1667142793" name="nbi/stub/ext/components/products/helloworld/nbproject/build-impl.xml"/>
        <file crc="4281027625" name="nbi/stub/ext/components/products/helloworld/nbproject/genfiles.properties"/>
        <file crc="2687747818" name="nbi/stub/ext/components/products/helloworld/nbproject/project.properties"/>
        <file crc="1997888554" name="nbi/stub/ext/components/products/helloworld/nbproject/project.xml"/>
        <file crc="1403829946" name="nbi/stub/ext/components/products/helloworld/src/org/mycompany/Bundle.properties"/>
        <file crc="2238010848" name="nbi/stub/ext/components/products/helloworld/src/org/mycompany/ConfigurationLogic.java"/>
        <file crc="1412999076" name="nbi/stub/ext/components/products/helloworld/src/org/mycompany/wizard.xml"/>
        <file crc="3260095069" name="nbi/stub/ext/components/products/helloworld/src/org/mycompany/wizard/panels/Bundle.properties"/>
        <file crc="3662600768" name="nbi/stub/ext/components/products/helloworld/src/org/mycompany/wizard/panels/HelloWorldPanel.java"/>
        <file crc="3374770626" name="nbi/stub/ext/engine/build.properties"/>
        <file crc="1374532214" name="nbi/stub/ext/engine/build.xml"/>
        <file crc="1737427026" name="nbi/stub/ext/engine/manifest.mf"/>
        <file crc="2638236514" name="nbi/stub/ext/engine/nbproject/build-impl.xml"/>
        <file crc="3197588034" name="nbi/stub/ext/engine/nbproject/genfiles.properties"/>
        <file crc="3939893718" name="nbi/stub/ext/engine/nbproject/project.properties"/>
        <file crc="2688710384" name="nbi/stub/ext/engine/nbproject/project.xml"/>
        <file crc="3963129683" name="nbi/stub/ext/engine/src/data/engine.properties"/>
        <file crc="408372642" name="nbi/stub/ext/engine/src/native/launcher/unix/i18n/launcher.properties"/>
        <file crc="3142269791" name="nbi/stub/ext/engine/src/native/launcher/windows/i18n/launcher.properties"/>
        <file crc="3643190628" name="nbi/stub/ext/engine/src/org/mycompany/installer/utils/applications/Bundle.properties"/>
        <file crc="2987459225" name="nbi/stub/ext/engine/src/org/mycompany/installer/utils/applications/NetBeansRCPUtils.java"/>
        <file crc="2289188544" name="nbi/stub/ext/engine/src/org/mycompany/installer/wizard/components/actions/Bundle.properties"/>
        <file crc="291128039" name="nbi/stub/ext/engine/src/org/mycompany/installer/wizard/components/actions/InitializeAction.java"/>
        <file crc="445842620" name="nbi/stub/ext/engine/src/org/mycompany/installer/wizard/components/panels/Bundle.properties"/>
        <file crc="3681522336" name="nbi/stub/ext/engine/src/org/mycompany/installer/wizard/components/panels/PostInstallSummaryPanel.java"/>
        <file crc="1951632224" name="nbi/stub/ext/engine/src/org/mycompany/installer/wizard/components/panels/PreInstallSummaryPanel.java"/>
        <file crc="1574063693" name="nbi/stub/ext/engine/src/org/mycompany/installer/wizard/components/panels/WelcomePanel.java"/>
        <file crc="3242747227" name="nbi/stub/ext/engine/src/org/mycompany/installer/wizard/components/panels/resources/welcome-left-bottom.png"/>
        <file crc="4110776273" name="nbi/stub/ext/engine/src/org/mycompany/installer/wizard/components/panels/resources/welcome-left-top.png"/>
        <file crc="85925023" name="nbi/stub/ext/engine/src/org/mycompany/installer/wizard/components/sequences/Bundle.properties"/>
        <file crc="69297504" name="nbi/stub/ext/engine/src/org/mycompany/installer/wizard/components/sequences/MainSequence.java"/>
        <file crc="153843700" name="nbi/stub/ext/engine/src/org/mycompany/installer/wizard/wizard-components.xml"/>
        <file crc="2816641082" name="nbi/stub/ext/engine/src/org/mycompany/installer/wizard/wizard-description-background-left.png"/>
        <file crc="2519516066" name="nbi/stub/ext/engine/src/org/mycompany/installer/wizard/wizard-description-background-right.png"/>
        <file crc="3752349762" name="nbi/stub/ext/engine/src/org/mycompany/installer/wizard/wizard-icon.png"/>
        <file crc="4063728044" name="nbi/stub/ext/infra/build/engine/build.properties"/>
        <file crc="1087277886" name="nbi/stub/ext/infra/build/engine/build.xml"/>
        <file crc="3925428545" name="nbi/stub/ext/infra/build/products/helloworld/build.properties"/>
        <file crc="324554007" name="nbi/stub/ext/infra/build/products/helloworld/build.xml"/>
        <file crc="2094191471" name="nbi/stub/template.xml"/>
        <file crc="409496894" name="nbi/stub/tmpl.properties"/>
    </module_version>
</module>
